key,placeholder_pattern_or_location,example_real_value,current_status,replaced_files_count,notes
DOIS_BLOCK__________________________,,,,,
1__OSF_DOI_SHORT,OSF.IO/XXXXX (after 10.17605/OSF.IO/),KT6P2,❌ TBD XXXXX,6+,"README.md / README_zh-CN.md / CITATION.cff / manuscript/ 6+ locations. Get from osf.io → New Project → URL tail 5 chars."
2__ZENODO_BUNDLE1_CODE_DOI,10.5281/zenodo.TBD1,10.5281/zenodo.23074742,✅ RESERVED 2026-10-01 (restricted, publish post-acceptance). HTML=https://zenodo.org/deposit/23074742,8,"README.md (badge+cite) / CITATION.cff identifiers / repository-artifact field. Zenodo: Deposit → Reserve DOI button"
3__ZENODO_BUNDLE2_DATA_DOI,10.5281/zenodo.TBD2,10.5281/zenodo.23074744,✅ RESERVED 2026-10-01 (embargoed 2027-06-30). HTML=https://zenodo.org/deposit/23074744. Lite payload 65MB shipped (processed pt + R script + SHA manifest),5,"README.md note / CITATION.cff identifiers[2]. Separate deposit for processed data + checkpoints. 8.7GB raw TCGA/METABRIC/STRING can be dragged in portal post-acceptance OR regenerated via scripts/01-data_download.R --mode full."
4__CRM_PAPER_DOI,10.1016/j.crmeth.2026.TBD2,10.1016/j.crmeth.2026.102345,❌ TBD 2026.TBD2,3,"README.md bibtex / CITATION.cff identifiers[0]. ONLY AVAILABLE post-acceptance (editor sends)."
5__OSF_FULL_DOI_PREFIX,10.17605/OSF.IO/XXXXX,10.17605/OSF.IO/KT6P2,❌ TBD XXXXX,6,Duplicate of row 1 but the full DOI prefix form used in bibtex.
6__SWH_SOFTWARE_HERITAGE,swh:1:dir:TBD,swh:1:dir:abcdef0123456789abcdef0123456789abcdef01,❌ TBD,2,"CITATION.cff identifiers[4] · manuscript cover_letter.tex. archive.softwareheritage.org/save → paste GitHub URL → wait 45 min email."
SHA_BLOCK___________________________,,,,,
7__GITHUB_COMMIT_SHA_LONG_FROZEN,a3f7c91d4e2b085f6d9a2c4e7b8103956a82f1c4,← push main & copy 40 char SHA HEAD HERE,❌ TBD placeholder,2,"manuscript main.tex §Code availability · README 10-command Step 2 comment."
8__GITHUB_COMMIT_SHA_SHORT_SCRIPT,a1b2c3d4e5f6,← 12-char short SHA of same commit,❌ TBD placeholder,2,"Results section frozen-analysis commit display. Derived from row 7 (first 12 chars)."
ORCID_BLOCK_________________________,,,,,
9__ORCID_QINGQING_MO,TBD-MO-ORCID-TBD  (Mo Qingqing order=1),0000-0002-XXXX-XXXX,❌ null in registry + CITATION.cff,2,"CITATION.cff authors[0] ORCID · authors_and_fundings_registry_crm.json [0].orcid."
10_ORCID_PINGBO_CHEN,TBD-CHEN-ORCID-TBD (Chen Pingbo order=2),0000-0003-XXXX-XXXX,❌ null + CITATION.cff line missing,1,"Same: authors_and_fundings_registry_crm.json order=2."
11_ORCID_CHENG_XU,TBD-XU-ORCID-TBD   (Xu Cheng    order=3),0000-0001-XXXX-XXXX,❌ TBD-MO-ORCID-TBD miswritten?,2,"CITATION.cff line 42 currently wrongly has the Mo tag. Xu Cheng NSFC 82403759 PI."
12_ORCID_YA_WANG,TBD-WANG-ORCID-TBD  (Wang Ya     order=4),0000-0002-XXXX-XXXX,❌ null + CITATION.cff missing,1,"NSFC 82403616 PI."
13_ORCID_TING_HU,TBD-HU-ORCID-TBD    (Hu Ting     order=5),0000-0001-XXXX-XXXX,❌ null + CITATION.cff missing,1,""
14_ORCID_QIAN_SUN,TBD-SUN-ORCID-TBD  (Sun Qian    order=6),0000-0003-XXXX-XXXX,❌ null + CITATION.cff missing,1,""
15_ORCID_TAO_ZHU,0009-0001-0779-2245 (Zhu Tao order=7 corresponding),ALREADY SET ✅,✅ NO ACTION NEEDED,3,"✅ Pre-set in registry + CITATION.cff + README.md author block."
HPC_NAME_BLOCK______________________,,,,,
16__HPC_CENTER_NAME_1,[HPC CENTER NAME]   占位 in manuscript,"National Supercomputing Center in Wuhan",❌ placeholder,1,manuscript acknowledgements L344 area.
17__HPC_INSTITUTION_AFFILIATION,[INSTITUTION NAME] 占位,Tongji Hospital, Tongji Medical College, HUST,❌ placeholder,1,Same L344 line 2.
18__ACK_S1_NAME,[NAME S1] 致谢 1,PI 提供真实姓名首字母,❌ placeholder,1,3 感谢同学/技术人员真实姓名 (CRediT 无作者贡献者).
19__ACK_S2_NAME,[NAME S2] 致谢 2,PI 提供真实姓名首字母,❌ placeholder,1,""
20__ACK_S3_NAME,[NAME S3] 致谢 3,PI 提供真实姓名首字母,❌ placeholder,1,""
LEGEND:,,,,,
"总计","=13 unique placeholder types (+ 7 ORCID rows expanded)","","20 logical rows","","第一波 PI 先给 rows 9-14（6 ORCID）→ 立即换 6/13；第二波投稿前 72h rows 1-8 + 16-20."
